story_id,story_title,skill_id,parent_score,child_score,reading_level,parent_explanation,child_explanation
sample-1-48f9-4fac-a11e-8b6a055655bb,Dune Dwellers (Part One),language.communication,0.7,0.8,8,"The story of desert foxes in harsh desert environments involves descriptive language that paints a vivid picture of their adaptation and survival strategies. It showcases the use of descriptive adjectives, imagery, and storytelling techniques, which are relevant to the language skill area.",The story of desert foxes effectively demonstrates the use of language to communicate the unique adaptations and survival strategies of these animals. The descriptive language used in the story helps convey the importance of communication in understanding the behaviors and characteristics of desert foxes.
sample-1-48f9-4fac-a11e-8b6a055655bb,Dune Dwellers (Part One),measurement.measurement_concepts,0.8,0.7,8,"The story of desert foxes in harsh desert environments involves measurements of temperature, size comparison to small dogs, and adaptations like large ears and special fur on paws. These elements demonstrate relevance to the skill of measurement, particularly in understanding and quantifying physical attributes and environmental conditions.","The story of desert foxes in harsh desert environments involves concepts related to measurement, such as temperature fluctuations, size comparisons, and adaptations for survival. While not directly focused on traditional measurement units, it highlights the importance of measuring environmental factors for understanding animal behavior and survival strategies."
sample-1-48f9-4fac-a11e-8b6a055655bb,Dune Dwellers (Part One),patterns.math_patterns,0.8,0.7,8,"The story of desert foxes adapting to extreme desert environments demonstrates patterns of adaptation and survival in challenging conditions, which aligns well with the skill area of patterns.","The story of desert foxes showcases adaptation to extreme environments, which involves recognizing patterns in the environment to survive. The foxes' ability to thrive in harsh desert conditions by utilizing specific physical and behavioral patterns demonstrates an understanding of patterns in nature, making the story relevant to the skill of knowing about math patterns."
sample-1-48f9-4fac-a11e-8b6a055655bb,Dune Dwellers (Part One),personal_finance.money,0.2,0.2,8,"The story of desert foxes adapting to harsh desert environments does not directly relate to personal finance. While the story highlights survival skills and adaptation, it does not touch upon financial concepts or management that are central to personal finance.","The story about desert foxes thriving in harsh desert environments does not directly relate to personal finance or knowledge about money. While the story highlights adaptation and survival skills, it does not touch upon financial concepts or money management."
sample-1-48f9-4fac-a11e-8b6a055655bb,Dune Dwellers (Part One),plants.adaptations_traits,0.2,0.8,8,"The story focuses on desert foxes and their adaptations to survive in harsh desert environments. While the story does mention the barren landscapes where desert foxes live, it does not directly relate to plants or plant-related topics, resulting in a low relevance score for the 'plants' skill area.","The story discusses the adaptations of desert foxes to survive in harsh desert environments. While the story focuses on animals, it provides insights into adaptations such as camouflage, sensory abilities, and physical traits that are relevant to understanding plant adaptations and traits in extreme environments."
sample-1-48f9-4fac-a11e-8b6a055655bb,Dune Dwellers (Part One),plants.life_cycle,0.2,0.2,8,"The story focuses on desert foxes and their adaptations to survive in harsh desert environments. While the story does mention the barren landscapes where desert foxes live, it does not directly relate to plants or plant-related topics, resulting in a low relevance score for the 'plants' skill area.","The story is not directly related to the plant life cycle as it focuses on the adaptation and survival strategies of desert foxes in harsh desert environments. While the story mentions the barren landscapes and challenges faced by desert creatures, it does not provide information specifically about plant life cycles."
sample-1-48f9-4fac-a11e-8b6a055655bb,Dune Dwellers (Part One),animals.animal_classification,0.9,0.8,8,"The story of desert foxes provides detailed information about their adaptations and survival strategies in harsh desert environments, which is highly relevant to the skill area of understanding animal behavior and habitats.","The story provides detailed information about desert foxes, including their physical characteristics, adaptations, and habitat preferences. It demonstrates knowledge about animal classification by describing the unique features of desert foxes and how they have adapted to survive in harsh desert environments."
sample-1-48f9-4fac-a11e-8b6a055655bb,Dune Dwellers (Part One),animals.animal_habits,0.9,0.9,8,"The story of desert foxes provides detailed information about their adaptations and survival strategies in harsh desert environments, which is highly relevant to the skill area of understanding animal behavior and habitats.","The story provides detailed information about the habitat of desert foxes, including their adaptations to harsh desert environments, preferred landscapes, and survival strategies. It covers aspects such as temperature fluctuations, camouflage, prey detection, insulation against hot sand, and living in barren landscapes with minimal vegetation and water sources. This comprehensive description makes the story highly relevant to the skill of knowing about animal habitats."
sample-1-48f9-4fac-a11e-8b6a055655bb,Dune Dwellers (Part One),animals.adaptations_traits,0.9,0.9,8,"The story of desert foxes provides detailed information about their adaptations and survival strategies in harsh desert environments, which is highly relevant to the skill area of understanding animal behavior and habitats.","The story of desert foxes showcases their remarkable adaptations to survive in harsh desert environments, including their physical traits and behaviors that help them thrive in challenging conditions. It provides a detailed insight into how animals adapt to their surroundings, making it highly relevant to the skill of knowing about animal adaptations."
sample-1-48f9-4fac-a11e-8b6a055655bb,Dune Dwellers (Part One),animals.animal_life_cycle,0.9,0.7,8,"The story of desert foxes provides detailed information about their adaptations and survival strategies in harsh desert environments, which is highly relevant to the skill area of understanding animal behavior and habitats.","The story provides detailed information about the adaptation and survival strategies of desert foxes, which contributes to understanding the life cycle of these animals in challenging desert environments. While it doesn't explicitly cover the entire life cycle from birth to death, it offers valuable insights into how desert foxes thrive and adapt to their surroundings, which is a significant aspect of their life cycle."
sample-1-48f9-4fac-a11e-8b6a055655bb,Dune Dwellers (Part One),animals.animal_behaviors,0.9,0.8,8,"The story of desert foxes provides detailed information about their adaptations and survival strategies in harsh desert environments, which is highly relevant to the skill area of understanding animal behavior and habitats.","The story provides detailed information about the behaviors of desert foxes, including their adaptations to extreme desert environments, hunting techniques, and habitat preferences. It covers aspects such as camouflage, thermal regulation, and survival strategies, demonstrating a strong relevance to the skill of knowing about animal behaviors."
sample-1-48f9-4fac-a11e-8b6a055655bb,Dune Dwellers (Part One),animals.anatomy_characteristics,0.9,0.8,8,"The story of desert foxes provides detailed information about their adaptations and survival strategies in harsh desert environments, which is highly relevant to the skill area of understanding animal behavior and habitats.","The story provides detailed information about the anatomy and characteristics of desert foxes, including their size, fur color, ear size, paw adaptations, and habitat preferences. This information demonstrates a strong relevance to the skill of knowing about animal anatomy and characteristics."
sample-1-48f9-4fac-a11e-8b6a055655bb,Dune Dwellers (Part One),humans.body_systems,0.7,0.3,8,"The story of desert foxes adapting to extreme desert conditions can be relevant to humans in terms of resilience, adaptation, and survival skills. Humans can learn from the strategies employed by desert foxes to thrive in challenging environments.","The story is not directly related to human body systems, but it indirectly highlights the adaptation and survival mechanisms of desert foxes, which can be compared to some aspects of human body systems such as thermoregulation and sensory functions."
sample-1-48f9-4fac-a11e-8b6a055655bb,Dune Dwellers (Part One),humans.five_senses,0.7,0.8,8,"The story of desert foxes adapting to extreme desert conditions can be relevant to humans in terms of resilience, adaptation, and survival skills. Humans can learn from the strategies employed by desert foxes to thrive in challenging environments.","The story of desert foxes highlights the sensory abilities of animals, specifically focusing on their keen sense of hearing and how it helps them survive in extreme environments. This demonstrates an understanding of the importance of senses in adaptation and survival, making it highly relevant to the skill of knowing about the five senses."
sample-1-48f9-4fac-a11e-8b6a055655bb,Dune Dwellers (Part One),humans.behaviors,0.7,0.6,8,"The story of desert foxes adapting to extreme desert conditions can be relevant to humans in terms of resilience, adaptation, and survival skills. Humans can learn from the strategies employed by desert foxes to thrive in challenging environments.","The story about desert foxes adapting to harsh desert environments provides insights into animal behaviors, which can be relevant to understanding human behaviors in challenging situations. While the focus is on animal adaptation, the parallels drawn between survival strategies can offer valuable perspectives on human behaviors in extreme conditions."
sample-1-48f9-4fac-a11e-8b6a055655bb,Dune Dwellers (Part One),humans.families_needs,0.7,0.2,8,"The story of desert foxes adapting to extreme desert conditions can be relevant to humans in terms of resilience, adaptation, and survival skills. Humans can learn from the strategies employed by desert foxes to thrive in challenging environments.","The story about desert foxes thriving in harsh desert environments does not directly relate to human families and basic human needs. While it discusses adaptation and survival in challenging conditions, it does not specifically address human families or their basic needs such as food, shelter, and safety."
sample-1-48f9-4fac-a11e-8b6a055655bb,Dune Dwellers (Part One),ecosystem.environment,0.8,0.8,8,"The story of desert foxes thriving in harsh desert environments provides a relevant example of adaptation and survival within a specific ecosystem. It highlights how these creatures have evolved to cope with extreme conditions and scarcity of resources, demonstrating key aspects of ecosystem dynamics and interactions.","The story of desert foxes thriving in harsh desert environments provides detailed information about how these animals adapt to extreme conditions, demonstrating knowledge about the environment and the adaptations required for survival in such ecosystems."
sample-1-48f9-4fac-a11e-8b6a055655bb,Dune Dwellers (Part One),ecosystem.interactions,0.8,0.8,8,"The story of desert foxes thriving in harsh desert environments provides a relevant example of adaptation and survival within a specific ecosystem. It highlights how these creatures have evolved to cope with extreme conditions and scarcity of resources, demonstrating key aspects of ecosystem dynamics and interactions.","The story of desert foxes thriving in harsh desert environments demonstrates ecosystem interactions between the foxes and their surroundings. It highlights how the foxes have adapted to their ecosystem, including their camouflage, unique physical features, and survival strategies in extreme conditions. The interactions between the foxes and their environment showcase the delicate balance and adaptations necessary for survival in a challenging ecosystem."
sample-1-48f9-4fac-a11e-8b6a055655bb,Dune Dwellers (Part One),ecosystem.living_nonliving,0.8,0.9,8,"The story of desert foxes thriving in harsh desert environments provides a relevant example of adaptation and survival within a specific ecosystem. It highlights how these creatures have evolved to cope with extreme conditions and scarcity of resources, demonstrating key aspects of ecosystem dynamics and interactions.","The story of desert foxes provides detailed information about living organisms (desert foxes) and their adaptations to survive in a harsh environment. It highlights the characteristics and behaviors of these living creatures in relation to their habitat, making it highly relevant to the skill of knowing about living vs. non-living organisms."
sample-1-48f9-4fac-a11e-8b6a055655bb,Dune Dwellers (Part One),matter.properties_of_matter,0.8,0.7,8,"The story of desert foxes thriving in harsh desert environments is highly relevant to the skill area of matter. It discusses the physical characteristics of desert foxes and how they adapt to extreme temperatures and terrains, which aligns with the study of matter and its properties in different environments.","The story provides information about the physical properties of matter, specifically the fur and paws of desert foxes that help them adapt to extreme desert environments. It highlights how matter, in this case, the fur and paws of the foxes, plays a crucial role in their survival and adaptation to harsh conditions."
sample-1-48f9-4fac-a11e-8b6a055655bb,Dune Dwellers (Part One),forces.force_motion,0.8,0.8,8,"The story of desert foxes adapting to extreme desert environments demonstrates the concept of forces in nature, such as temperature changes, predator-prey interactions, and adaptations for survival. The description of how desert foxes use their physical attributes to thrive in harsh conditions aligns well with the study of forces in biology and ecology.","The story of desert foxes adapting to extreme desert environments involves concepts of force and motion, such as how they move across the dunes, regulate body temperature, and detect prey. While the focus is on biological adaptations, the underlying principles of force and motion are evident in their survival strategies."
sample-1-48f9-4fac-a11e-8b6a055655bb,Dune Dwellers (Part One),forces.gravity,0.8,0.7,8,"The story of desert foxes adapting to extreme desert environments demonstrates the concept of forces in nature, such as temperature changes, predator-prey interactions, and adaptations for survival. The description of how desert foxes use their physical attributes to thrive in harsh conditions aligns well with the study of forces in biology and ecology.","The story of desert foxes adapting to extreme desert conditions demonstrates the concept of gravity indirectly through their physical characteristics and behaviors. While gravity is not explicitly mentioned, the foxes' ability to navigate and survive in challenging environments can be linked to the fundamental force of gravity that affects all living beings on Earth."
sample-1-48f9-4fac-a11e-8b6a055655bb,Dune Dwellers (Part One),energy.thermal_energy,0.8,0.8,8,"The story of desert foxes adapting to extreme desert environments is highly relevant to the skill of energy. It showcases how these animals have evolved unique adaptations to conserve and utilize energy efficiently in harsh conditions, making it a valuable example for understanding energy conservation strategies in living organisms.","The story of desert foxes thriving in extreme desert environments provides a relevant example of thermal energy adaptation. It highlights how the foxes regulate their body temperature in response to extreme heat and cold, demonstrating an understanding of thermal energy principles in a natural setting."
sample-1-48f9-4fac-a11e-8b6a055655bb,Dune Dwellers (Part One),energy.electrical_energy,0.8,0.3,8,"The story of desert foxes adapting to extreme desert environments is highly relevant to the skill of energy. It showcases how these animals have evolved unique adaptations to conserve and utilize energy efficiently in harsh conditions, making it a valuable example for understanding energy conservation strategies in living organisms.","The story about desert foxes adapting to extreme desert conditions does not directly relate to electrical energy. However, it indirectly highlights the concept of adaptation and survival in challenging environments, which could be loosely connected to the broader theme of energy conservation and efficiency."
sample-1-48f9-4fac-a11e-8b6a055655bb,Dune Dwellers (Part One),energy.light_energy,0.8,0.8,8,"The story of desert foxes adapting to extreme desert environments is highly relevant to the skill of energy. It showcases how these animals have evolved unique adaptations to conserve and utilize energy efficiently in harsh conditions, making it a valuable example for understanding energy conservation strategies in living organisms.","The story provides detailed information about how desert foxes adapt to extreme temperature changes in their environment, including their physical characteristics and behaviors related to light energy. It discusses how their fur color and camouflage help them blend with their surroundings, their large ears for detecting prey movements, and their special fur on the paws to insulate against the heat. This demonstrates a good understanding of how light energy plays a role in the survival and adaptation of desert foxes."
sample-1-48f9-4fac-a11e-8b6a055655bb,Dune Dwellers (Part One),energy.sound_energy,0.8,0.8,8,"The story of desert foxes adapting to extreme desert environments is highly relevant to the skill of energy. It showcases how these animals have evolved unique adaptations to conserve and utilize energy efficiently in harsh conditions, making it a valuable example for understanding energy conservation strategies in living organisms.","The story of desert foxes highlights their adaptation to extreme environments, including their ability to detect prey using sound energy through their large ears. This demonstrates an understanding of sound energy in a real-world context."
sample-1-48f9-4fac-a11e-8b6a055655bb,Dune Dwellers (Part One),space.solar_system,0.8,0.2,8,"The story of desert foxes thriving in harsh desert environments demonstrates adaptation to extreme conditions, which is relevant to the skill area of space exploration where astronauts need to adapt to challenging environments in space.","The story about desert foxes thriving in harsh desert environments does not directly relate to knowledge about the solar system. While interesting, the focus is on the adaptation of desert animals rather than space or celestial bodies."
sample-1-48f9-4fac-a11e-8b6a055655bb,Dune Dwellers (Part One),space.sun,0.8,0.7,8,"The story of desert foxes thriving in harsh desert environments demonstrates adaptation to extreme conditions, which is relevant to the skill area of space exploration where astronauts need to adapt to challenging environments in space.","The story about desert foxes thriving in extreme desert environments indirectly relates to knowledge about the sun. It mentions the harsh temperatures in deserts, which are influenced by the sun's heat. Understanding how the sun affects desert ecosystems and the adaptations of desert animals like the foxes requires knowledge about the sun."
sample-1-48f9-4fac-a11e-8b6a055655bb,Dune Dwellers (Part One),earth_systems.weather_climate,0.8,0.8,8,The story of desert foxes thriving in harsh desert environments provides a relevant example of adaptation to extreme conditions in Earth's ecosystems. It highlights the interconnectedness of living organisms with their environment and the strategies they develop to survive in challenging habitats.,"The story of desert foxes thriving in harsh desert environments provides insights into how animals adapt to extreme weather conditions, specifically in hot desert climates. It highlights the importance of understanding weather patterns and climate in relation to the survival and adaptation of species in challenging environments."
sample-1-48f9-4fac-a11e-8b6a055655bb,Dune Dwellers (Part One),earth_systems.impact_on_humans,0.8,0.7,8,The story of desert foxes thriving in harsh desert environments provides a relevant example of adaptation to extreme conditions in Earth's ecosystems. It highlights the interconnectedness of living organisms with their environment and the strategies they develop to survive in challenging habitats.,"The story of desert foxes thriving in harsh desert environments demonstrates how the Earth's systems, such as extreme temperatures and barren landscapes, impact the adaptation and survival of living organisms. While the focus is on foxes, the story indirectly highlights the challenges and adaptations required for humans to survive in similar harsh environments, making it relevant to understanding how Earth's systems impact humans."
sample-1-48f9-4fac-a11e-8b6a055655bb,Dune Dwellers (Part One),earth_systems.conservation,0.8,0.8,8,The story of desert foxes thriving in harsh desert environments provides a relevant example of adaptation to extreme conditions in Earth's ecosystems. It highlights the interconnectedness of living organisms with their environment and the strategies they develop to survive in challenging habitats.,The story of desert foxes thriving in harsh desert environments highlights the importance of conservation in preserving unique ecosystems and species that have adapted to extreme conditions. It emphasizes the need to protect and conserve habitats like deserts to ensure the survival of specialized species like desert foxes.
sample-1-48f9-4fac-a11e-8b6a055655bb,Dune Dwellers (Part One),geology.landforms,0.6,0.8,8,"The story about desert foxes living in harsh desert environments provides insights into the geological features of deserts, such as extreme temperatures, sandy landscapes, and barren terrains. While the focus is on the adaptation of desert foxes, the description of the desert environment indirectly relates to geology by highlighting the challenges and characteristics of desert regions.","The story provides detailed information about desert environments, specifically focusing on sand dunes as a landform. It describes how desert foxes adapt to the unique features of these landforms, such as extreme temperatures, sandy terrain, and barren landscapes. This content enhances understanding of landforms in desert regions."
sample-1-48f9-4fac-a11e-8b6a055655bb,Dune Dwellers (Part One),natural_resources.renewable_resources,0.8,0.8,8,"The story about desert foxes thriving in harsh desert environments highlights the importance of natural resources such as water, vegetation, and adaptation to extreme conditions. It demonstrates how these animals have evolved to survive in environments with scarce resources, making it highly relevant to the natural resources skill area.","The story of desert foxes highlights their adaptation to harsh desert environments, which includes their ability to thrive in areas with scarce water sources. This demonstrates an understanding of renewable resources as the foxes have adapted to utilize limited resources efficiently for their survival."
sample-1-48f9-4fac-a11e-8b6a055655bb,Dune Dwellers (Part One),natural_resources.nonrenewable_resources,0.8,0.6,8,"The story about desert foxes thriving in harsh desert environments highlights the importance of natural resources such as water, vegetation, and adaptation to extreme conditions. It demonstrates how these animals have evolved to survive in environments with scarce resources, making it highly relevant to the natural resources skill area.","The story of desert foxes living in harsh desert environments indirectly relates to nonrenewable resources as it highlights the challenges of survival in barren landscapes with scarce water sources. While the focus is on the adaptation of desert foxes, the mention of minimal vegetation and challenging conditions for sustenance can be associated with the concept of nonrenewable resources."
sample-1-48f9-4fac-a11e-8b6a055655bb,Dune Dwellers (Part One),community.roles_responsibilities,0.6,0.6,8,"The story of desert foxes thriving in harsh desert environments demonstrates the concept of community resilience and adaptation. Despite the challenging conditions, the foxes have adapted and formed a community that supports their survival. This showcases the importance of community support and collaboration in overcoming obstacles and thriving in adverse environments.","The story of desert foxes highlights the roles and responsibilities of these animals in their community. It showcases how they adapt to their environment, fulfill their roles as predators and prey, and demonstrate resilience in challenging conditions. While not directly related to human community roles, it provides a valuable perspective on the roles and responsibilities within a different community of desert-dwelling creatures."
sample-1-48f9-4fac-a11e-8b6a055655bb,Dune Dwellers (Part One),community.transportation,0.6,0.2,8,"The story of desert foxes thriving in harsh desert environments demonstrates the concept of community resilience and adaptation. Despite the challenging conditions, the foxes have adapted and formed a community that supports their survival. This showcases the importance of community support and collaboration in overcoming obstacles and thriving in adverse environments.","The story about desert foxes adapting to harsh desert environments does not directly relate to transportation. While the story discusses survival skills and adaptations, it does not touch upon any aspect of transportation or movement of goods or people."
sample-1-48f9-4fac-a11e-8b6a055655bb,Dune Dwellers (Part One),community.shared_spaces,0.6,0.6,8,"The story of desert foxes thriving in harsh desert environments demonstrates the concept of community resilience and adaptation. Despite the challenging conditions, the foxes have adapted and formed a community that supports their survival. This showcases the importance of community support and collaboration in overcoming obstacles and thriving in adverse environments.",The story of desert foxes living in harsh desert environments provides insight into how animals adapt to and thrive in shared spaces within their community. It highlights the importance of understanding the unique environments where different species coexist and utilize shared spaces for survival.
sample-1-48f9-4fac-a11e-8b6a055655bb,Dune Dwellers (Part One),community.social_aspects,0.6,0.6,8,"The story of desert foxes thriving in harsh desert environments demonstrates the concept of community resilience and adaptation. Despite the challenging conditions, the foxes have adapted and formed a community that supports their survival. This showcases the importance of community support and collaboration in overcoming obstacles and thriving in adverse environments.","The story about desert foxes living in harsh desert environments demonstrates adaptation and survival skills within a community. It highlights how these creatures communicate and interact with their environment to thrive in challenging conditions, showcasing the importance of language and communication within a community for survival."
sample-1-48f9-4fac-a11e-8b6a055655bb,Dune Dwellers (Part One),community.structures_architecture,0.6,0.2,8,"The story of desert foxes thriving in harsh desert environments demonstrates the concept of community resilience and adaptation. Despite the challenging conditions, the foxes have adapted and formed a community that supports their survival. This showcases the importance of community support and collaboration in overcoming obstacles and thriving in adverse environments.","The story about desert foxes thriving in harsh desert environments does not directly relate to structures and architecture. While the story mentions the adaptation of desert foxes to their environment, it does not touch upon human-made structures or architectural concepts."
sample-1-48f9-4fac-a11e-8b6a055655bb,Dune Dwellers (Part One),agriculture.farm_ranch_life,0.6,0.6,8,"The story of desert foxes adapting to harsh desert environments can be relevant to agriculture as it highlights the importance of adaptation and resilience in challenging conditions, which are also key aspects in agricultural practices such as crop cultivation in arid regions.","The story about desert foxes living in harsh desert environments provides insights into adaptation, survival, and the challenges of thriving in extreme conditions, which are relevant to understanding the resilience and strategies needed in farm and ranch life where similar challenges may be faced."
sample-1-48f9-4fac-a11e-8b6a055655bb,Dune Dwellers (Part One),culture_traditions.holidays,0.7,0.2,8,"The story of desert foxes living in harsh desert environments and adapting to extreme conditions provides insights into the cultural and traditional aspects of survival in challenging landscapes. It highlights how certain species have evolved to thrive in specific environments, reflecting the cultural adaptation and resilience of living beings in different habitats.","The story about desert foxes thriving in harsh desert environments does not directly relate to holidays or cultural traditions. While the story provides interesting information about the adaptation of desert foxes, it does not touch upon any holiday-related content."
sample-1-48f9-4fac-a11e-8b6a055655bb,Dune Dwellers (Part One),culture_traditions.historical_figures,0.7,0.2,8,"The story of desert foxes living in harsh desert environments and adapting to extreme conditions provides insights into the cultural and traditional aspects of survival in challenging landscapes. It highlights how certain species have evolved to thrive in specific environments, reflecting the cultural adaptation and resilience of living beings in different habitats.","The story about desert foxes does not directly relate to historical figures. While it provides information about the adaptation and survival skills of desert foxes, it does not mention any historical figures or their significance in culture or traditions."
sample-1-48f9-4fac-a11e-8b6a055655bb,Dune Dwellers (Part One),culture_traditions.stories_folktales,0.7,0.8,8,"The story of desert foxes living in harsh desert environments and adapting to extreme conditions provides insights into the cultural and traditional aspects of survival in challenging landscapes. It highlights how certain species have evolved to thrive in specific environments, reflecting the cultural adaptation and resilience of living beings in different habitats.","The story of the desert foxes in 'Dune Dwellers' showcases a traditional folktale-like narrative about the adaptation and survival of a unique animal species in harsh desert environments. It captures the essence of storytelling through the description of the foxes' characteristics and behaviors, making it highly relevant to the skill of knowing about stories and folktales."
sample-1-48f9-4fac-a11e-8b6a055655bb,Dune Dwellers (Part One),culture_traditions.culture_traditions,0.7,0.7,8,"The story of desert foxes living in harsh desert environments and adapting to extreme conditions provides insights into the cultural and traditional aspects of survival in challenging landscapes. It highlights how certain species have evolved to thrive in specific environments, reflecting the cultural adaptation and resilience of living beings in different habitats.","The story of desert foxes living in harsh desert environments provides insights into the culture and traditions of these resilient creatures. It highlights how they have adapted to their surroundings, their unique characteristics, and their survival strategies in challenging conditions. While not directly related to human culture and traditions, the story offers a valuable perspective on adaptation and survival in different environments, which can be relevant to understanding cultural diversity and traditions in general."
sample-1-48f9-4fac-a11e-8b6a055655bb,Dune Dwellers (Part One),government.rules_laws,0.2,0.3,8,"The story about desert foxes thriving in harsh desert environments is not directly related to the skill area of government. While the story may indirectly touch on themes of adaptation and survival, it does not specifically address government-related concepts or principles.","The story of desert foxes thriving in harsh desert environments does not directly relate to knowledge about rules and laws. However, it indirectly highlights the importance of adaptation and survival strategies, which can be loosely connected to understanding and following rules for survival in different environments."
sample-1-48f9-4fac-a11e-8b6a055655bb,Dune Dwellers (Part One),government.leadership_elections_voting,0.2,0.2,8,"The story about desert foxes thriving in harsh desert environments is not directly related to the skill area of government. While the story may indirectly touch on themes of adaptation and survival, it does not specifically address government-related concepts or principles.","The story of desert foxes thriving in harsh desert environments does not directly relate to leadership, elections, or voting. While the story highlights adaptation and survival skills, it does not touch upon the specific skill area of government, leadership, elections, or voting."
sample-1-48f9-4fac-a11e-8b6a055655bb,Dune Dwellers (Part One),government.rights_freedoms,0.2,0.2,8,"The story about desert foxes thriving in harsh desert environments is not directly related to the skill area of government. While the story may indirectly touch on themes of adaptation and survival, it does not specifically address government-related concepts or principles.","The story about desert foxes thriving in harsh desert environments does not directly relate to the skill of knowing about rights and freedoms. While the story highlights the adaptation and survival skills of desert foxes, it does not touch upon human rights or freedoms which are the focus of the specified skill."
sample-1-48f9-4fac-a11e-8b6a055655bb,Dune Dwellers (Part One),technology_innovation.inventions_discoveries,0.6,0.7,8,The story of desert foxes adapting to extreme desert environments showcases the innovative ways in which animals have evolved to survive in challenging conditions. This can be relevant to the skill area of technology and innovation as it highlights the creative solutions and adaptations that can emerge in response to environmental challenges.,"The story of desert foxes showcases their remarkable adaptations to survive in harsh desert environments, which can be considered a form of natural innovation. Their unique physical features and behaviors demonstrate an evolutionary process of discovery and adaptation to thrive in challenging conditions. This aligns with the skill of knowing about inventions and discoveries, as it highlights the innovative solutions that desert foxes have developed for survival."
sample-1-48f9-4fac-a11e-8b6a055655bb,Dune Dwellers (Part One),technology_innovation.space_exploration,0.6,0.2,8,The story of desert foxes adapting to extreme desert environments showcases the innovative ways in which animals have evolved to survive in challenging conditions. This can be relevant to the skill area of technology and innovation as it highlights the creative solutions and adaptations that can emerge in response to environmental challenges.,"The story about desert foxes thriving in harsh desert environments is not directly related to space exploration and technology. While the adaptation of desert foxes to extreme conditions is impressive, it does not provide relevant information about space exploration or technology."
sample-1-48f9-4fac-a11e-8b6a055655bb,Dune Dwellers (Part One),technology_innovation.communication_technology,0.6,0.6,8,The story of desert foxes adapting to extreme desert environments showcases the innovative ways in which animals have evolved to survive in challenging conditions. This can be relevant to the skill area of technology and innovation as it highlights the creative solutions and adaptations that can emerge in response to environmental challenges.,"The story of desert foxes highlights the adaptation and survival strategies of animals in extreme environments, which can be analogized to the innovation and use of communication technology to thrive in challenging conditions. While the story does not directly address communication technology, the concept of adaptation and resilience can be applied to the development and utilization of communication technology in overcoming obstacles and improving connectivity."
sample-1-48f9-4fac-a11e-8b6a055655bb,Dune Dwellers (Part One),ancient_history.early_civilizations,0.3,0.6,8,"The story of desert foxes living in harsh desert environments does not directly relate to ancient history. While it provides insights into the adaptation of animals to extreme conditions, it does not specifically address historical events, civilizations, or practices from ancient times.","The story of desert foxes thriving in harsh desert environments provides insights into how living beings adapt to challenging conditions, which can be analogized to early civilizations adapting to their environments. While the story does not directly relate to specific ancient civilizations, it highlights the theme of adaptation and survival, which is a key aspect of understanding early civilizations."
sample-1-48f9-4fac-a11e-8b6a055655bb,Dune Dwellers (Part One),world_history.wars_battles,0.7,0.2,8,"The story of desert foxes thriving in harsh desert environments provides insights into the adaptation of animals to extreme conditions, which can be relevant to understanding how civilizations adapted to challenging environments in world history. The parallels drawn between the resilience of desert foxes and human survival strategies in harsh landscapes contribute to the relevance of this story to the world history skill area.","The story about desert foxes thriving in harsh desert environments does not directly relate to wars and battles. While the story provides insights into adaptation and survival in challenging conditions, it does not specifically address historical wars or battles."
sample-1-48f9-4fac-a11e-8b6a055655bb,Dune Dwellers (Part One),state_history.all,0.7,0.6,8,"The story of desert foxes thriving in harsh desert environments provides insights into the adaptation and survival strategies of animals in specific geographical regions, which can be relevant to understanding how states and civilizations have adapted to challenging environments throughout history.","The story of desert foxes living in harsh desert environments provides insights into the history and geography of specific regions like North Africa, the Arabian Peninsula, and Southwest Asia. Understanding how these creatures adapt and survive in such challenging conditions can contribute to knowledge about the local and state history of these areas."
sample-1-48f9-4fac-a11e-8b6a055655bb,Dune Dwellers (Part One),colonial_america.all,0.2,0.2,8,"The story of desert foxes thriving in harsh desert environments is not directly relevant to colonial America, which focuses on the history of European colonization in the Americas during the 15th to 19th centuries. The content of the story does not align with the historical context of colonial America.","The story about desert foxes thriving in harsh desert environments is not directly relevant to colonial America, which focuses on the historical period of European colonization in the Americas. However, the concept of adaptation and survival in challenging environments could be loosely connected to the resilience shown by early settlers in colonial America."
sample-1-48f9-4fac-a11e-8b6a055655bb,Dune Dwellers (Part One),american_revolution.all,0.2,0.2,8,"The story about desert foxes thriving in harsh desert environments is not relevant to the American Revolution, which was a significant event in American history involving the struggle for independence from British rule. The content of the story does not align with the historical context and themes of the American Revolution.","The story about desert foxes thriving in harsh desert environments is not relevant to the skill about knowing the American Revolution. The content of the story does not contain any information related to the historical events, figures, or context of the American Revolution."
sample-1-48f9-4fac-a11e-8b6a055655bb,Dune Dwellers (Part One),modern_america.all,0.2,0.2,8,"The story about desert foxes thriving in harsh desert environments is not directly relevant to the parent category of modern America. The focus of the story is on the adaptation and survival skills of desert foxes in specific geographical regions, which does not align closely with modern America.","The story about desert foxes thriving in harsh desert environments does not directly relate to knowledge about Modern America. While the story provides insights into adaptation and survival in challenging conditions, it does not specifically address any aspects related to Modern America."
sample-1-48f9-4fac-a11e-8b6a055655bb,Dune Dwellers (Part One),physical_geography.all,0.8,0.8,8,"The story of desert foxes thriving in harsh desert environments provides a detailed insight into the physical geography of arid regions, including temperature variations, adaptations of animals, and characteristics of desert landscapes. It highlights the importance of understanding the geographical features and challenges of desert ecosystems.","The story provides detailed information about the desert environment, including temperature variations, geographical locations where desert foxes live, and adaptations of desert foxes to survive in harsh conditions. This content aligns well with the skill of knowing about physical geography, making the story highly relevant to the skill area."
sample-1-48f9-4fac-a11e-8b6a055655bb,Dune Dwellers (Part One),physical_geography.landforms,0.8,0.8,8,"The story of desert foxes thriving in harsh desert environments provides a detailed insight into the physical geography of arid regions, including temperature variations, adaptations of animals, and characteristics of desert landscapes. It highlights the importance of understanding the geographical features and challenges of desert ecosystems.","The story provides detailed information about desert environments, specifically focusing on sand dunes and how desert foxes adapt to these landforms. It discusses the characteristics of the desert landscape, including temperature variations, sand dunes, and barren landscapes, which are key aspects of physical geography related to landforms."
sample-1-48f9-4fac-a11e-8b6a055655bb,Dune Dwellers (Part One),physical_geography.regions,0.8,0.8,8,"The story of desert foxes thriving in harsh desert environments provides a detailed insight into the physical geography of arid regions, including temperature variations, adaptations of animals, and characteristics of desert landscapes. It highlights the importance of understanding the geographical features and challenges of desert ecosystems.","The story of desert foxes living in specific regions like North Africa, the Arabian Peninsula, and Southwest Asia provides relevant information about the geographical regions where these creatures thrive. The details about their habitat and adaptation to harsh desert environments contribute to a better understanding of the regions they inhabit."
sample-1-48f9-4fac-a11e-8b6a055655bb,Dune Dwellers (Part One),visual_arts.drawing_illustration,0.6,0.7,8,"The story of desert foxes and their adaptation to harsh desert environments can be relevant to visual arts as it provides inspiration for creating visual representations of the desert landscape, the foxes' physical features, and their unique adaptations. Artists could explore the use of color, texture, and form to depict the sandy desert environment and the camouflage of the foxes, offering creative opportunities for visual expression.","The story of desert foxes provides rich visual imagery that can inspire drawing and illustration. The detailed descriptions of the foxes' appearance, behavior, and habitat offer ample material for artistic interpretation and creativity. While the focus is on the natural world and adaptation, the vivid descriptions can spark ideas for illustrations related to wildlife and desert landscapes."
sample-1-48f9-4fac-a11e-8b6a055655bb,Dune Dwellers (Part One),visual_arts.painting,0.6,0.6,8,"The story of desert foxes and their adaptation to harsh desert environments can be relevant to visual arts as it provides inspiration for creating visual representations of the desert landscape, the foxes' physical features, and their unique adaptations. Artists could explore the use of color, texture, and form to depict the sandy desert environment and the camouflage of the foxes, offering creative opportunities for visual expression.","The story of desert foxes and their adaptation to harsh desert environments can inspire artists in the visual arts field, particularly in terms of using colors, textures, and patterns to depict the unique features of these creatures and their surroundings. While the story may not directly relate to painting techniques, it offers creative inspiration for artists to explore nature and wildlife themes in their artwork."
sample-1-48f9-4fac-a11e-8b6a055655bb,Dune Dwellers (Part One),visual_arts.art_history,0.6,0.2,8,"The story of desert foxes and their adaptation to harsh desert environments can be relevant to visual arts as it provides inspiration for creating visual representations of the desert landscape, the foxes' physical features, and their unique adaptations. Artists could explore the use of color, texture, and form to depict the sandy desert environment and the camouflage of the foxes, offering creative opportunities for visual expression.","The story of desert foxes thriving in harsh desert environments does not directly relate to art history. While the story may inspire artistic interpretations or connections to nature in art, it does not provide specific knowledge about art history itself."
sample-1-48f9-4fac-a11e-8b6a055655bb,Dune Dwellers (Part One),performing_arts.drama,0.2,0.3,8,"The story of desert foxes adapting to harsh desert environments does not directly relate to performing arts. While the story may inspire creativity or imagination, it lacks direct connection to the skills and practices involved in performing arts such as acting, dancing, or music.","The story of desert foxes adapting to extreme desert conditions does not directly relate to drama, which focuses on theatrical performances, acting, and storytelling through performance. However, the concept of adaptation and survival could be metaphorically linked to themes explored in dramatic works."
sample-1-48f9-4fac-a11e-8b6a055655bb,Dune Dwellers (Part One),healthy_habits.physical_activity,0.6,0.7,8,"The story of desert foxes adapting to extreme desert conditions can be relevant to healthy habits as it highlights the importance of adaptation and resilience in challenging environments. While the focus is on animal behavior, the underlying message of overcoming obstacles and thriving in harsh conditions can be applied to human health habits as well.","The story of desert foxes highlights the physical adaptations and activities of these creatures in extreme desert environments. It indirectly emphasizes the importance of physical activity for survival and adaptation to challenging conditions, making it moderately relevant to the skill of knowing about physical activity."
sample-1-48f9-4fac-a11e-8b6a055655bb,Dune Dwellers (Part One),healthy_habits.mental_emotional,0.6,0.6,8,"The story of desert foxes adapting to extreme desert conditions can be relevant to healthy habits as it highlights the importance of adaptation and resilience in challenging environments. While the focus is on animal behavior, the underlying message of overcoming obstacles and thriving in harsh conditions can be applied to human health habits as well.","The story of desert foxes thriving in harsh desert environments can be relevant to mental and emotional health as it highlights the importance of adaptation, resilience, and survival in challenging conditions. It can serve as a metaphor for coping with difficult situations and finding ways to thrive despite adversity, which are key aspects of mental and emotional well-being."
sample-1-48f9-4fac-a11e-8b6a055655bb,Dune Dwellers (Part One),digital_literacy.internet_basics,0.3,0.3,8,"The story of desert foxes adapting to extreme desert conditions does not directly relate to digital literacy, which involves the ability to use technology and digital tools effectively. However, the analysis of the story could involve digital literacy skills such as researching information online or using digital platforms to share knowledge about desert ecosystems.","The story about desert foxes does not directly relate to internet basics. While the story provides information about the adaptation of desert foxes to harsh environments, it does not touch upon any concepts related to internet basics such as browsing, online communication, or digital tools."
sample-1-48f9-4fac-a11e-8b6a055655bb,Dune Dwellers (Part One),digital_literacy.responsibility_safety,0.3,0.6,8,"The story of desert foxes adapting to extreme desert conditions does not directly relate to digital literacy, which involves the ability to use technology and digital tools effectively. However, the analysis of the story could involve digital literacy skills such as researching information online or using digital platforms to share knowledge about desert ecosystems.","The story of desert foxes adapting to extreme desert conditions can be metaphorically linked to the concept of digital responsibility. Just like the foxes thrive in harsh environments, individuals need to adapt and be responsible in the digital world to navigate challenges and protect themselves online. The story highlights the importance of adaptation and survival, which can be paralleled to the need for responsible behavior in the digital realm."
sample-1-48f9-4fac-a11e-8b6a055655bb,Dune Dwellers (Part One),digital_literacy.media_literacy,0.3,0.7,8,"The story of desert foxes adapting to extreme desert conditions does not directly relate to digital literacy, which involves the ability to use technology and digital tools effectively. However, the analysis of the story could involve digital literacy skills such as researching information online or using digital platforms to share knowledge about desert ecosystems.","The story of desert foxes in harsh desert environments can be relevant to media literacy as it highlights the importance of adaptation, survival skills, and understanding different environments. Media literacy involves critical thinking and analyzing information, and this story can be used to discuss the representation of wildlife in media, the impact of environmental documentaries, and the role of storytelling in conveying information about nature."
